objectid,originating_system_id,original_file_name,short_filename,sort_index,parentid,admin_notes,title,interviewer,interviewee,date,description,subject,people,location,latitude,longitude,source,identifier,type,format,language,rights,rightsstatement,display_template,WORKSPACE1,WORKSPACE2,WORKSPACE3,object_location,image_small,image_thumb,image_alt_text,object_transcript,venue,playwright/composer,director,scenic designer,costume designer,lighting designer,technical director,music director,choreographer,sound designer,projection designer,dramaturg,intimacy director,production students,ensemble,collaborators
pity_col,,,,,,,Pity,,,2024-08,,,,,,,,,,compound_object,,,,compound_object,,,,,,,,,Roberts Theatre,Roy Mullarkey,Karie Miller,Lucie Greene '23,Erin Howell-Gritsch,Jordan Kardasz,Erik Sanning '89;Kate Baumgartner '11,,,Jon Murphy '26,,Utsah Kalra '25;A Lim '25;Kyla Miller '25;Morgan Smith '26;Hemlock Stainer '25;Brisa Zielina '27,,Lily Blanchard '27;A Lim '25;Kyra Pruszinski '27;Naomi Tange '28;Nellie Ireland '28;Courtney Cecil '26;Natalie Nardone '27;Noelle Buehrer '26;Amelie Pfister '28;Sam Gerardi '28;Olyvia Liu-Cai '28;Graham Sundstrom '25;Em Huss-Lederman '25;Kyla Miller '25Ben Curran '25,,
burn_col,,,,,,,The Burn,,,2024-08,,,,,,,,,,compound_object,,,,compound_object,,,,,,,,,Humanities and Social Sciences Center Auditorium,Philip Dawkins,Jen Shook,,,,Erik Sanning '89;Kate Baumgartner '11,,,,,Hazel Saydak '28,,Tyler Quade '27,Olivia Brown '28;Agnes Allman '27;Alyson Won '25;Eva Kapoor '28;Edward Pike '27,
sswb_col,,,,,,,Songs of the Scarlet and Wayback,,,2024-03,,,,,,,,,,compound_object,,,,compound_object,,,,,https://collectionbuilder.blob.core.windows.net/smalls/TDPS_archive/SSWB_Poster_SMALL.jpg,https://collectionbuilder.blob.core.windows.net/thumbs/TDPS_archive/SSWB_Poster_TN.jpg,,,Flanagan Studio Theatre,Jen Shook,Jen Shook;THD 240 '23;THD 350 '23,Lucie Greene '23,Erin Howell-Gritsch,Cat Cusick,Erik Sanning '89;Kate Baumgartner '11,Andra Velis Simon,,,,Maya Albanese '26,,Libby Kerensky '24;Kiera Rennick '26;Lily Blanchard '27;Jon Murphy '26;Jake Reck '24;Lily Blanchard '27;Kiera Rennick '26;Ollie Peterson '26;Sam Wilson '26;Em Huss-Lederman '25;Kyla Miller '25;Ellie Bauer '26;Graham Sundstrom '25;Reese Hill '24,Libby Albright '27;Jadyn Al-Fatah '27;Maia DeGrazia '24;Ali Levine '24;Levi McMillan'27;Aisha Saparali;Hemlock Stanier '25;Amelia Vrieze '26;Lohla Yarolimek '27;Brisa Zielina '27,
folokoto_col,,,,,,,Folokoto the Tornado,,,2024-04,,,,,,,,,,compound_object,,,,compound_object,,,,,https://collectionbuilder.blob.core.windows.net/smalls/TDPS_archive/FOLOKOTO001_SMALL.jpg,https://collectionbuilder.blob.core.windows.net/thumbs/TDPS_archive/FOLOKOTO001_TN.jpg,,,Roberts Theatre,,Aguibou Bougobali SANOU,S. Benjamin Farrar,Erin Howell-Gritsch,S. Benjamin Farrar,Erik Sanning '89; Kate Baumgartner '11,,,,S. Benjamin Farrar,,,Natalie Nardone '27;Charlotte Banta '27;Let√≠cia Monteiro '23;Luca Blankenship '23;McAfee Chandler '23;Libby Kerensky '24;Ava Rast '23,Jadyn Al-Fatah '27;Ileah Bonzi '25;Julie Durning '26;Ruby Gerse '24;Bailey Irvin '25;Rose McClain '27;Jillian Poplau '27;Aisha Saparali;Eliot Schilling '26;Lisa Shen '24;Julianna Vajda '24;Lohla Yarolimek '27;Zoe Zappas '27,
everybody_col,,,,,,,Everybody,,,2023-10,,,,,,,,,,compound_object,,,,compound_object,,,,,https://collectionbuilder.blob.core.windows.net/smalls/TDPS_archive/everybody_posterdraft_SMALL.jpg,https://collectionbuilder.blob.core.windows.net/thumbs/TDPS_archive/everybody_posterdraft_TN.jpg,,,Flanagan Studio Theatre,Branden Jacobs-Jenkins,Karie Miller,Kaelen Novak,Erin Howell-Gritsch,Jackie Fox,Erik Sanning '89;Kate Baumgartner '11,Putu Hiranmayena,Karie Miller;Dewa Ayu Eka Putri,Jon Murphy '26,,,,Nina Bigelow '25;Ari Lebaron '27;Natalie Nardone '27;Tyler Quade '27;Ava Rast '23;Samantha Falduto '26;Lily Blanchard '27;Malina Cantemir '24;Kiera Rennick '26;Kyra Pruszinski '27;Kyla Miller '25;Reese Hill '24;Libby Kerensky '24,Reese Hill '24;Sophie Noyes '24;Ella Bernett '27;Nixie Clifford '27;Luca Blankenship '23;Sophie Kempenaar '26;Levi McMillan '27;Kelly Banfield '24;Aisha Saparali;Brisa Zielina '27;Lena Callil-Tomei '27;Lillian Tuai '27;Kourtney Veals '27;Bailey Irvin '25;Tessa Fresco '25;Lohla Yarolimek '27;Kaitlyn Atkin '24;Eliot Schilling '26;Zoe Zappas '27;Hikaru Aoki '26;Jadyn Al-Fatah '27;Sira Nassoko '24;Paul Reif '26;Helenipa Stephens '27;,
watersedge_col,,,,,,,At Water's Edge/Al Filo del Agua,,,2023-4,,,,,,,,,,compound_object,,,,compound_object,,,,,,,,,Flanagan Studio Theatre,Miroslava Wilson,Celeste Miller;Dora Arreola,S. Benjamin Farrar,,S. Benjamin Farrar;Tim Murphy '24,,,,,,,,,,
magicacts_col,,,,,,,A Memoir of Magic Acts,,,2023-4,,,,,,,,,,compound_object,,,,compound_object,,,,,,,,,Flanagan Studio Theatre,,,S. Benjamin Farrar,Erin Howell-Gritsch,S. Benjamin Farrar;Tim Murphy '24,,,,,,,,,,
everybody001,,everybody_posterdraft.pdf,,,everybody_col,,Poster,,,2023,,,,,,,,,,application/pdf,eng,,,,,,,https://collectionbuilder.blob.core.windows.net/objs/TDPS_archive/everybody_posterdraft.pdf,https://collectionbuilder.blob.core.windows.net/smalls/TDPS_archive/everybody_posterdraft_SMALL.jpg,https://collectionbuilder.blob.core.windows.net/thumbs/TDPS_archive/everybody_posterdraft_TN.jpg,,,,,,,,,,,,,,,,,,
everybody002,,everybody_PG.pdf,,,everybody_col,,Program,,,2023,,,,,,,,,,application/pdf,eng,,,,,,,https://collectionbuilder.blob.core.windows.net/objs/TDPS_archive/everybody_PG.pdf,https://collectionbuilder.blob.core.windows.net/smalls/TDPS_archive/everybody_PG_SMALL.jpg,https://collectionbuilder.blob.core.windows.net/thumbs/TDPS_archive/everybody_PG_TN.jpg,,,,,,,,,,,,,,,,,,
everybody003,,Everybody00001.jpg,,,everybody_col,,1,,,2023,,,,,,,,,,image/jpeg,eng,,,,,,,https://collectionbuilder.blob.core.windows.net/objs/TDPS_archive/Everybody00001.jpg,https://collectionbuilder.blob.core.windows.net/smalls/TDPS_archive/Everybody00001_SMALL.jpg,https://collectionbuilder.blob.core.windows.net/thumbs/TDPS_archive/Everybody00001_TN.jpg,,,,,,,,,,,,,,,,,,
everybody004,,Everybody00002.jpg,,,everybody_col,,2,,,2023,,,,,,,,,,image/jpeg,eng,,,,,,,https://collectionbuilder.blob.core.windows.net/objs/TDPS_archive/Everybody00002.jpg,https://collectionbuilder.blob.core.windows.net/smalls/TDPS_archive/Everybody00002_SMALL.jpg,https://collectionbuilder.blob.core.windows.net/thumbs/TDPS_archive/Everybody00002_TN.jpg,,,,,,,,,,,,,,,,,,
everybody005,,Everybody00003.jpg,,,everybody_col,,3,,,2023,,,,,,,,,,image/jpeg,eng,,,,,,,,,,,,,,,,,,,,,,,,,,,
everybody006,,Everybody00004.jpg,,,everybody_col,,4,,,2023,,,,,,,,,,image/jpeg,eng,,,,,,,,,,,,,,,,,,,,,,,,,,,
everybody007,,Everybody00005.jpg,,,everybody_col,,5,,,2023,,,,,,,,,,image/jpeg,eng,,,,,,,,,,,,,,,,,,,,,,,,,,,
everybody008,,Everybody00006.jpg,,,everybody_col,,6,,,2023,,,,,,,,,,image/jpeg,eng,,,,,,,,,,,,,,,,,,,,,,,,,,,
everybody009,,Everybody00007.jpg,,,everybody_col,,7,,,2023,,,,,,,,,,image/jpeg,eng,,,,,,,,,,,,,,,,,,,,,,,,,,,
everybody010,,Everybody00008.jpg,,,everybody_col,,8,,,2023,,,,,,,,,,image/jpeg,eng,,,,,,,,,,,,,,,,,,,,,,,,,,,
everybody011,,Everybody00009.jpg,,,everybody_col,,9,,,2023,,,,,,,,,,image/jpeg,eng,,,,,,,,,,,,,,,,,,,,,,,,,,,
everybody012,,Everybody00010.jpg,,,everybody_col,,10,,,2023,,,,,,,,,,image/jpeg,eng,,,,,,,,,,,,,,,,,,,,,,,,,,,
everybody013,,Everybody00011.jpg,,,everybody_col,,11,,,2023,,,,,,,,,,image/jpeg,eng,,,,,,,,,,,,,,,,,,,,,,,,,,,
everybody014,,Everybody00012.jpg,,,everybody_col,,12,,,2023,,,,,,,,,,image/jpeg,eng,,,,,,,,,,,,,,,,,,,,,,,,,,,
everybody015,,Everybody00013.jpg,,,everybody_col,,13,,,2023,,,,,,,,,,image/jpeg,eng,,,,,,,,,,,,,,,,,,,,,,,,,,,
everybody016,,Everybody00014.jpg,,,everybody_col,,14,,,2023,,,,,,,,,,image/jpeg,eng,,,,,,,,,,,,,,,,,,,,,,,,,,,
everybody017,,Everybody00015.jpg,,,everybody_col,,15,,,2023,,,,,,,,,,image/jpeg,eng,,,,,,,,,,,,,,,,,,,,,,,,,,,
everybody018,,Everybody00016.jpg,,,everybody_col,,16,,,2023,,,,,,,,,,image/jpeg,eng,,,,,,,,,,,,,,,,,,,,,,,,,,,
everybody019,,Everybody00017.jpg,,,everybody_col,,17,,,2023,,,,,,,,,,image/jpeg,eng,,,,,,,,,,,,,,,,,,,,,,,,,,,
everybody020,,Everybody00018.jpg,,,everybody_col,,18,,,2023,,,,,,,,,,image/jpeg,eng,,,,,,,,,,,,,,,,,,,,,,,,,,,
everybody021,,Everybody00019.jpg,,,everybody_col,,19,,,2023,,,,,,,,,,image/jpeg,eng,,,,,,,,,,,,,,,,,,,,,,,,,,,
everybody022,,Everybody00020.jpg,,,everybody_col,,20,,,2023,,,,,,,,,,image/jpeg,eng,,,,,,,,,,,,,,,,,,,,,,,,,,,
everybody023,,Everybody00021.jpg,,,everybody_col,,21,,,2023,,,,,,,,,,image/jpeg,eng,,,,,,,,,,,,,,,,,,,,,,,,,,,
everybody024,,Everybody00022.jpg,,,everybody_col,,22,,,2023,,,,,,,,,,image/jpeg,eng,,,,,,,,,,,,,,,,,,,,,,,,,,,
everybody025,,Everybody00023.jpg,,,everybody_col,,23,,,2023,,,,,,,,,,image/jpeg,eng,,,,,,,,,,,,,,,,,,,,,,,,,,,
everybody026,,Everybody00024.jpg,,,everybody_col,,24,,,2023,,,,,,,,,,image/jpeg,eng,,,,,,,,,,,,,,,,,,,,,,,,,,,
everybody027,,Everybody00025.jpg,,,everybody_col,,25,,,2023,,,,,,,,,,image/jpeg,eng,,,,,,,,,,,,,,,,,,,,,,,,,,,
everybody028,,Everybody00026.jpg,,,everybody_col,,26,,,2023,,,,,,,,,,image/jpeg,eng,,,,,,,,,,,,,,,,,,,,,,,,,,,
everybody029,,Everybody00027.jpg,,,everybody_col,,27,,,2023,,,,,,,,,,image/jpeg,eng,,,,,,,,,,,,,,,,,,,,,,,,,,,
everybody030,,Everybody00028.jpg,,,everybody_col,,28,,,2023,,,,,,,,,,image/jpeg,eng,,,,,,,,,,,,,,,,,,,,,,,,,,,
everybody031,,Everybody00029.jpg,,,everybody_col,,29,,,2023,,,,,,,,,,image/jpeg,eng,,,,,,,,,,,,,,,,,,,,,,,,,,,
everybody032,,Everybody00030.jpg,,,everybody_col,,30,,,2023,,,,,,,,,,image/jpeg,eng,,,,,,,,,,,,,,,,,,,,,,,,,,,
everybody033,,Everybody00031.jpg,,,everybody_col,,31,,,2023,,,,,,,,,,image/jpeg,eng,,,,,,,,,,,,,,,,,,,,,,,,,,,
everybody034,,Everybody00032.jpg,,,everybody_col,,32,,,2023,,,,,,,,,,image/jpeg,eng,,,,,,,,,,,,,,,,,,,,,,,,,,,
everybody035,,Everybody00033.jpg,,,everybody_col,,33,,,2023,,,,,,,,,,image/jpeg,eng,,,,,,,,,,,,,,,,,,,,,,,,,,,
everybody036,,Everybody00034.jpg,,,everybody_col,,34,,,2023,,,,,,,,,,image/jpeg,eng,,,,,,,,,,,,,,,,,,,,,,,,,,,
everybody037,,Everybody00035.jpg,,,everybody_col,,35,,,2023,,,,,,,,,,image/jpeg,eng,,,,,,,,,,,,,,,,,,,,,,,,,,,
everybody038,,Everybody00036.jpg,,,everybody_col,,36,,,2023,,,,,,,,,,image/jpeg,eng,,,,,,,,,,,,,,,,,,,,,,,,,,,
everybody039,,Everybody00037.jpg,,,everybody_col,,37,,,2023,,,,,,,,,,image/jpeg,eng,,,,,,,,,,,,,,,,,,,,,,,,,,,
everybody040,,Everybody00038.jpg,,,everybody_col,,38,,,2023,,,,,,,,,,image/jpeg,eng,,,,,,,,,,,,,,,,,,,,,,,,,,,
everybody041,,Everybody00039.jpg,,,everybody_col,,39,,,2023,,,,,,,,,,image/jpeg,eng,,,,,,,,,,,,,,,,,,,,,,,,,,,
everybody042,,Everybody00040.jpg,,,everybody_col,,40,,,2023,,,,,,,,,,image/jpeg,eng,,,,,,,,,,,,,,,,,,,,,,,,,,,
everybody043,,Everybody00041.jpg,,,everybody_col,,41,,,2023,,,,,,,,,,image/jpeg,eng,,,,,,,,,,,,,,,,,,,,,,,,,,,
everybody044,,Everybody00042.jpg,,,everybody_col,,42,,,2023,,,,,,,,,,image/jpeg,eng,,,,,,,,,,,,,,,,,,,,,,,,,,,
everybody045,,Everybody00043.jpg,,,everybody_col,,43,,,2023,,,,,,,,,,image/jpeg,eng,,,,,,,,,,,,,,,,,,,,,,,,,,,
everybody046,,Everybody00044.jpg,,,everybody_col,,44,,,2023,,,,,,,,,,image/jpeg,eng,,,,,,,,,,,,,,,,,,,,,,,,,,,
everybody047,,Everybody00045.jpg,,,everybody_col,,45,,,2023,,,,,,,,,,image/jpeg,eng,,,,,,,,,,,,,,,,,,,,,,,,,,,
everybody048,,Everybody00046.jpg,,,everybody_col,,46,,,2023,,,,,,,,,,image/jpeg,eng,,,,,,,,,,,,,,,,,,,,,,,,,,,
everybody049,,Everybody00047.jpg,,,everybody_col,,47,,,2023,,,,,,,,,,image/jpeg,eng,,,,,,,,,,,,,,,,,,,,,,,,,,,
everybody050,,Everybody00048.jpg,,,everybody_col,,48,,,2023,,,,,,,,,,image/jpeg,eng,,,,,,,,,,,,,,,,,,,,,,,,,,,
everybody051,,Everybody00049.jpg,,,everybody_col,,49,,,2023,,,,,,,,,,image/jpeg,eng,,,,,,,,,,,,,,,,,,,,,,,,,,,
everybody052,,Everybody00050.jpg,,,everybody_col,,50,,,2023,,,,,,,,,,image/jpeg,eng,,,,,,,,,,,,,,,,,,,,,,,,,,,
everybody053,,Everybody00051.jpg,,,everybody_col,,51,,,2023,,,,,,,,,,image/jpeg,eng,,,,,,,,,,,,,,,,,,,,,,,,,,,
everybody054,,Everybody00052.jpg,,,everybody_col,,52,,,2023,,,,,,,,,,image/jpeg,eng,,,,,,,,,,,,,,,,,,,,,,,,,,,
everybody055,,Everybody00053.jpg,,,everybody_col,,53,,,2023,,,,,,,,,,image/jpeg,eng,,,,,,,,,,,,,,,,,,,,,,,,,,,
everybody056,,Everybody00054.jpg,,,everybody_col,,54,,,2023,,,,,,,,,,image/jpeg,eng,,,,,,,,,,,,,,,,,,,,,,,,,,,
everybody057,,Everybody00055.jpg,,,everybody_col,,55,,,2023,,,,,,,,,,image/jpeg,eng,,,,,,,,,,,,,,,,,,,,,,,,,,,
everybody058,,Everybody00056.jpg,,,everybody_col,,56,,,2023,,,,,,,,,,image/jpeg,eng,,,,,,,,,,,,,,,,,,,,,,,,,,,
everybody059,,Everybody00057.jpg,,,everybody_col,,57,,,2023,,,,,,,,,,image/jpeg,eng,,,,,,,,,,,,,,,,,,,,,,,,,,,
everybody060,,Everybody00058.jpg,,,everybody_col,,58,,,2023,,,,,,,,,,image/jpeg,eng,,,,,,,,,,,,,,,,,,,,,,,,,,,
everybody061,,Everybody00059.jpg,,,everybody_col,,59,,,2023,,,,,,,,,,image/jpeg,eng,,,,,,,,,,,,,,,,,,,,,,,,,,,
everybody062,,Everybody00060.jpg,,,everybody_col,,60,,,2023,,,,,,,,,,image/jpeg,eng,,,,,,,,,,,,,,,,,,,,,,,,,,,
everybody063,,Everybody00061.jpg,,,everybody_col,,61,,,2023,,,,,,,,,,image/jpeg,eng,,,,,,,,,,,,,,,,,,,,,,,,,,,
everybody064,,Everybody00062.jpg,,,everybody_col,,62,,,2023,,,,,,,,,,image/jpeg,eng,,,,,,,,,,,,,,,,,,,,,,,,,,,
everybody065,,Everybody00063.jpg,,,everybody_col,,63,,,2023,,,,,,,,,,image/jpeg,eng,,,,,,,,,,,,,,,,,,,,,,,,,,,
everybody066,,Everybody00064.jpg,,,everybody_col,,64,,,2023,,,,,,,,,,image/jpeg,eng,,,,,,,,,,,,,,,,,,,,,,,,,,,
everybody067,,Everybody00065.jpg,,,everybody_col,,65,,,2023,,,,,,,,,,image/jpeg,eng,,,,,,,,,,,,,,,,,,,,,,,,,,,
everybody068,,Everybody00066.jpg,,,everybody_col,,66,,,2023,,,,,,,,,,image/jpeg,eng,,,,,,,,,,,,,,,,,,,,,,,,,,,
everybody069,,Everybody00067.jpg,,,everybody_col,,67,,,2023,,,,,,,,,,image/jpeg,eng,,,,,,,,,,,,,,,,,,,,,,,,,,,
everybody070,,Everybody00068.jpg,,,everybody_col,,68,,,2023,,,,,,,,,,image/jpeg,eng,,,,,,,,,,,,,,,,,,,,,,,,,,,
everybody071,,Everybody00069.jpg,,,everybody_col,,69,,,2023,,,,,,,,,,image/jpeg,eng,,,,,,,,,,,,,,,,,,,,,,,,,,,
everybody072,,Everybody00070.jpg,,,everybody_col,,70,,,2023,,,,,,,,,,image/jpeg,eng,,,,,,,,,,,,,,,,,,,,,,,,,,,
everybody073,,Everybody00071.jpg,,,everybody_col,,71,,,2023,,,,,,,,,,image/jpeg,eng,,,,,,,,,,,,,,,,,,,,,,,,,,,
everybody074,,Everybody00072.jpg,,,everybody_col,,72,,,2023,,,,,,,,,,image/jpeg,eng,,,,,,,,,,,,,,,,,,,,,,,,,,,
everybody075,,Everybody00073.jpg,,,everybody_col,,73,,,2023,,,,,,,,,,image/jpeg,eng,,,,,,,,,,,,,,,,,,,,,,,,,,,
everybody076,,Everybody00074.jpg,,,everybody_col,,74,,,2023,,,,,,,,,,image/jpeg,eng,,,,,,,,,,,,,,,,,,,,,,,,,,,
everybody077,,Everybody00075.jpg,,,everybody_col,,75,,,2023,,,,,,,,,,image/jpeg,eng,,,,,,,,,,,,,,,,,,,,,,,,,,,
everybody078,,Everybody00076.jpg,,,everybody_col,,76,,,2023,,,,,,,,,,image/jpeg,eng,,,,,,,,,,,,,,,,,,,,,,,,,,,
everybody079,,Everybody00077.jpg,,,everybody_col,,77,,,2023,,,,,,,,,,image/jpeg,eng,,,,,,,,,,,,,,,,,,,,,,,,,,,
everybody080,,Everybody00078.jpg,,,everybody_col,,78,,,2023,,,,,,,,,,image/jpeg,eng,,,,,,,,,,,,,,,,,,,,,,,,,,,
everybody081,,Everybody00079.jpg,,,everybody_col,,79,,,2023,,,,,,,,,,image/jpeg,eng,,,,,,,,,,,,,,,,,,,,,,,,,,,
everybody082,,Everybody00080.jpg,,,everybody_col,,80,,,2023,,,,,,,,,,image/jpeg,eng,,,,,,,,,,,,,,,,,,,,,,,,,,,
everybody083,,Everybody00081.jpg,,,everybody_col,,81,,,2023,,,,,,,,,,image/jpeg,eng,,,,,,,,,,,,,,,,,,,,,,,,,,,
everybody084,,Everybody00082.jpg,,,everybody_col,,82,,,2023,,,,,,,,,,image/jpeg,eng,,,,,,,,,,,,,,,,,,,,,,,,,,,
everybody085,,Everybody00083.jpg,,,everybody_col,,83,,,2023,,,,,,,,,,image/jpeg,eng,,,,,,,,,,,,,,,,,,,,,,,,,,,
everybody086,,Everybody00084.jpg,,,everybody_col,,84,,,2023,,,,,,,,,,image/jpeg,eng,,,,,,,,,,,,,,,,,,,,,,,,,,,
everybody087,,Everybody00085.jpg,,,everybody_col,,85,,,2023,,,,,,,,,,image/jpeg,eng,,,,,,,,,,,,,,,,,,,,,,,,,,,
everybody088,,Everybody00086.jpg,,,everybody_col,,86,,,2023,,,,,,,,,,image/jpeg,eng,,,,,,,,,,,,,,,,,,,,,,,,,,,
everybody089,,Everybody00087.jpg,,,everybody_col,,87,,,2023,,,,,,,,,,image/jpeg,eng,,,,,,,,,,,,,,,,,,,,,,,,,,,
everybody090,,Everybody00088.jpg,,,everybody_col,,88,,,2023,,,,,,,,,,image/jpeg,eng,,,,,,,,,,,,,,,,,,,,,,,,,,,
everybody091,,Everybody00089.jpg,,,everybody_col,,89,,,2023,,,,,,,,,,image/jpeg,eng,,,,,,,,,,,,,,,,,,,,,,,,,,,
everybody092,,Everybody00090.jpg,,,everybody_col,,90,,,2023,,,,,,,,,,image/jpeg,eng,,,,,,,,,,,,,,,,,,,,,,,,,,,
everybody093,,Everybody00091.jpg,,,everybody_col,,91,,,2023,,,,,,,,,,image/jpeg,eng,,,,,,,,,,,,,,,,,,,,,,,,,,,
everybody094,,Everybody00092.jpg,,,everybody_col,,92,,,2023,,,,,,,,,,image/jpeg,eng,,,,,,,,,,,,,,,,,,,,,,,,,,,
everybody095,,Everybody00093.jpg,,,everybody_col,,93,,,2023,,,,,,,,,,image/jpeg,eng,,,,,,,,,,,,,,,,,,,,,,,,,,,
everybody096,,Everybody00094.jpg,,,everybody_col,,94,,,2023,,,,,,,,,,image/jpeg,eng,,,,,,,,,,,,,,,,,,,,,,,,,,,
everybody097,,Everybody00095.jpg,,,everybody_col,,95,,,2023,,,,,,,,,,image/jpeg,eng,,,,,,,,,,,,,,,,,,,,,,,,,,,
everybody098,,Everybody00096.jpg,,,everybody_col,,96,,,2023,,,,,,,,,,image/jpeg,eng,,,,,,,,,,,,,,,,,,,,,,,,,,,
everybody099,,Everybody00097.jpg,,,everybody_col,,97,,,2023,,,,,,,,,,image/jpeg,eng,,,,,,,,,,,,,,,,,,,,,,,,,,,
everybody100,,Everybody00098.jpg,,,everybody_col,,98,,,2023,,,,,,,,,,image/jpeg,eng,,,,,,,,,,,,,,,,,,,,,,,,,,,
everybody101,,Everybody00099.jpg,,,everybody_col,,99,,,2023,,,,,,,,,,image/jpeg,eng,,,,,,,,,,,,,,,,,,,,,,,,,,,
everybody102,,Everybody00100.jpg,,,everybody_col,,100,,,2023,,,,,,,,,,image/jpeg,eng,,,,,,,,,,,,,,,,,,,,,,,,,,,
everybody103,,Everybody00101.jpg,,,everybody_col,,101,,,2023,,,,,,,,,,image/jpeg,eng,,,,,,,,,,,,,,,,,,,,,,,,,,,
everybody104,,Everybody00102.jpg,,,everybody_col,,102,,,2023,,,,,,,,,,image/jpeg,eng,,,,,,,,,,,,,,,,,,,,,,,,,,,
everybody105,,Everybody00103.jpg,,,everybody_col,,103,,,2023,,,,,,,,,,image/jpeg,eng,,,,,,,,,,,,,,,,,,,,,,,,,,,
everybody106,,Everybody00104.jpg,,,everybody_col,,104,,,2023,,,,,,,,,,image/jpeg,eng,,,,,,,,,,,,,,,,,,,,,,,,,,,
everybody107,,Everybody00105.jpg,,,everybody_col,,105,,,2023,,,,,,,,,,image/jpeg,eng,,,,,,,,,,,,,,,,,,,,,,,,,,,
everybody108,,Everybody00106.jpg,,,everybody_col,,106,,,2023,,,,,,,,,,image/jpeg,eng,,,,,,,,,,,,,,,,,,,,,,,,,,,
everybody109,,Everybody00107.jpg,,,everybody_col,,107,,,2023,,,,,,,,,,image/jpeg,eng,,,,,,,,,,,,,,,,,,,,,,,,,,,
everybody110,,Everybody00108.jpg,,,everybody_col,,108,,,2023,,,,,,,,,,image/jpeg,eng,,,,,,,,,,,,,,,,,,,,,,,,,,,
everybody111,,Everybody00109.jpg,,,everybody_col,,109,,,2023,,,,,,,,,,image/jpeg,eng,,,,,,,,,,,,,,,,,,,,,,,,,,,
everybody112,,Everybody00110.jpg,,,everybody_col,,110,,,2023,,,,,,,,,,image/jpeg,eng,,,,,,,,,,,,,,,,,,,,,,,,,,,
everybody113,,Everybody00111.jpg,,,everybody_col,,111,,,2023,,,,,,,,,,image/jpeg,eng,,,,,,,,,,,,,,,,,,,,,,,,,,,
everybody114,,Everybody00112.jpg,,,everybody_col,,112,,,2023,,,,,,,,,,image/jpeg,eng,,,,,,,,,,,,,,,,,,,,,,,,,,,
everybody115,,Everybody00113.jpg,,,everybody_col,,113,,,2023,,,,,,,,,,image/jpeg,eng,,,,,,,,,,,,,,,,,,,,,,,,,,,
everybody116,,Everybody00114.jpg,,,everybody_col,,114,,,2023,,,,,,,,,,image/jpeg,eng,,,,,,,,,,,,,,,,,,,,,,,,,,,
everybody117,,Everybody00115.jpg,,,everybody_col,,115,,,2023,,,,,,,,,,image/jpeg,eng,,,,,,,,,,,,,,,,,,,,,,,,,,,
folokoto001,,FOLOKOTO_Poster.pdf,,,folokoto_col,,Poster,,,2024,,,,,,,,,,application/pdf,eng,,,,,,,,,,,,,,,,,,,,,,,,,,,
folokoto002,,FOLOKOTO_PG.pdf,,,folokoto_col,,Program,,,2024,,,,,,,,,,application/pdf,eng,,,,,,,,,,,,,,,,,,,,,,,,,,,
folokoto003,,FOLOKOTO001.jpg,,,folokoto_col,,1,,,2024,,,,,,,,,,image/jpeg,eng,,,,,,,https://collectionbuilder.blob.core.windows.net/objs/TDPS_archive/FOLOKOTO001.jpg,https://collectionbuilder.blob.core.windows.net/smalls/TDPS_archive/FOLOKOTO001_SMALL.jpg,https://collectionbuilder.blob.core.windows.net/thumbs/TDPS_archive/FOLOKOTO001_TN.jpg,,,,,,,,,,,,,,,,,,
folokoto004,,FOLOKOTO002.jpg,,,folokoto_col,,2,,,2024,,,,,,,,,,image/jpeg,eng,,,,,,,https://collectionbuilder.blob.core.windows.net/objs/TDPS_archive/FOLOKOTO002.jpg,https://collectionbuilder.blob.core.windows.net/smalls/TDPS_archive/FOLOKOTO002_SMALL.jpg,https://collectionbuilder.blob.core.windows.net/thumbs/TDPS_archive/FOLOKOTO002_TN.jpg,,,,,,,,,,,,,,,,,,
folokoto005,,FOLOKOTO003.jpg,,,folokoto_col,,3,,,2024,,,,,,,,,,image/jpeg,eng,,,,,,,,,,,,,,,,,,,,,,,,,,,
folokoto006,,FOLOKOTO004.jpg,,,folokoto_col,,4,,,2024,,,,,,,,,,image/jpeg,eng,,,,,,,,,,,,,,,,,,,,,,,,,,,
folokoto007,,FOLOKOTO005.jpg,,,folokoto_col,,5,,,2024,,,,,,,,,,image/jpeg,eng,,,,,,,,,,,,,,,,,,,,,,,,,,,
folokoto008,,FOLOKOTO006.jpg,,,folokoto_col,,6,,,2024,,,,,,,,,,image/jpeg,eng,,,,,,,,,,,,,,,,,,,,,,,,,,,
folokoto009,,FOLOKOTO007.jpg,,,folokoto_col,,7,,,2024,,,,,,,,,,image/jpeg,eng,,,,,,,,,,,,,,,,,,,,,,,,,,,
folokoto010,,FOLOKOTO008.jpg,,,folokoto_col,,8,,,2024,,,,,,,,,,image/jpeg,eng,,,,,,,,,,,,,,,,,,,,,,,,,,,
folokoto011,,FOLOKOTO009.jpg,,,folokoto_col,,9,,,2024,,,,,,,,,,image/jpeg,eng,,,,,,,,,,,,,,,,,,,,,,,,,,,
folokoto012,,FOLOKOTO010.jpg,,,folokoto_col,,10,,,2024,,,,,,,,,,image/jpeg,eng,,,,,,,,,,,,,,,,,,,,,,,,,,,
folokoto013,,FOLOKOTO011.jpg,,,folokoto_col,,11,,,2024,,,,,,,,,,image/jpeg,eng,,,,,,,,,,,,,,,,,,,,,,,,,,,
folokoto014,,FOLOKOTO012.jpg,,,folokoto_col,,12,,,2024,,,,,,,,,,image/jpeg,eng,,,,,,,,,,,,,,,,,,,,,,,,,,,
folokoto015,,FOLOKOTO013.jpg,,,folokoto_col,,13,,,2024,,,,,,,,,,image/jpeg,eng,,,,,,,,,,,,,,,,,,,,,,,,,,,
folokoto016,,FOLOKOTO014.jpg,,,folokoto_col,,14,,,2024,,,,,,,,,,image/jpeg,eng,,,,,,,,,,,,,,,,,,,,,,,,,,,
folokoto017,,FOLOKOTO015.jpg,,,folokoto_col,,15,,,2024,,,,,,,,,,image/jpeg,eng,,,,,,,,,,,,,,,,,,,,,,,,,,,
folokoto018,,FOLOKOTO016.jpg,,,folokoto_col,,16,,,2024,,,,,,,,,,image/jpeg,eng,,,,,,,,,,,,,,,,,,,,,,,,,,,
folokoto019,,FOLOKOTO017.jpg,,,folokoto_col,,17,,,2024,,,,,,,,,,image/jpeg,eng,,,,,,,,,,,,,,,,,,,,,,,,,,,
folokoto020,,FOLOKOTO018.jpg,,,folokoto_col,,18,,,2024,,,,,,,,,,image/jpeg,eng,,,,,,,,,,,,,,,,,,,,,,,,,,,
folokoto021,,FOLOKOTO019.jpg,,,folokoto_col,,19,,,2024,,,,,,,,,,image/jpeg,eng,,,,,,,,,,,,,,,,,,,,,,,,,,,
folokoto022,,FOLOKOTO020.jpg,,,folokoto_col,,20,,,2024,,,,,,,,,,image/jpeg,eng,,,,,,,,,,,,,,,,,,,,,,,,,,,
folokoto023,,FOLOKOTO021.jpg,,,folokoto_col,,21,,,2024,,,,,,,,,,image/jpeg,eng,,,,,,,,,,,,,,,,,,,,,,,,,,,
folokoto024,,FOLOKOTO022.jpg,,,folokoto_col,,22,,,2024,,,,,,,,,,image/jpeg,eng,,,,,,,,,,,,,,,,,,,,,,,,,,,
folokoto025,,FOLOKOTO023.jpg,,,folokoto_col,,23,,,2024,,,,,,,,,,image/jpeg,eng,,,,,,,,,,,,,,,,,,,,,,,,,,,
folokoto026,,FOLOKOTO024.jpg,,,folokoto_col,,24,,,2024,,,,,,,,,,image/jpeg,eng,,,,,,,,,,,,,,,,,,,,,,,,,,,
folokoto027,,FOLOKOTO025.jpg,,,folokoto_col,,25,,,2024,,,,,,,,,,image/jpeg,eng,,,,,,,,,,,,,,,,,,,,,,,,,,,
folokoto028,,FOLOKOTO026.jpg,,,folokoto_col,,26,,,2024,,,,,,,,,,image/jpeg,eng,,,,,,,,,,,,,,,,,,,,,,,,,,,
folokoto029,,FOLOKOTO027.jpg,,,folokoto_col,,27,,,2024,,,,,,,,,,image/jpeg,eng,,,,,,,,,,,,,,,,,,,,,,,,,,,
folokoto030,,FOLOKOTO028.jpg,,,folokoto_col,,28,,,2024,,,,,,,,,,image/jpeg,eng,,,,,,,,,,,,,,,,,,,,,,,,,,,
folokoto031,,FOLOKOTO029.jpg,,,folokoto_col,,29,,,2024,,,,,,,,,,image/jpeg,eng,,,,,,,,,,,,,,,,,,,,,,,,,,,
folokoto032,,FOLOKOTO030.jpg,,,folokoto_col,,30,,,2024,,,,,,,,,,image/jpeg,eng,,,,,,,,,,,,,,,,,,,,,,,,,,,
folokoto033,,FOLOKOTO031.jpg,,,folokoto_col,,31,,,2024,,,,,,,,,,image/jpeg,eng,,,,,,,,,,,,,,,,,,,,,,,,,,,
folokoto034,,FOLOKOTO032.jpg,,,folokoto_col,,32,,,2024,,,,,,,,,,image/jpeg,eng,,,,,,,,,,,,,,,,,,,,,,,,,,,
folokoto035,,FOLOKOTO033.jpg,,,folokoto_col,,33,,,2024,,,,,,,,,,image/jpeg,eng,,,,,,,,,,,,,,,,,,,,,,,,,,,
folokoto036,,FOLOKOTO034.jpg,,,folokoto_col,,34,,,2024,,,,,,,,,,image/jpeg,eng,,,,,,,,,,,,,,,,,,,,,,,,,,,
folokoto037,,FOLOKOTO035.jpg,,,folokoto_col,,35,,,2024,,,,,,,,,,image/jpeg,eng,,,,,,,,,,,,,,,,,,,,,,,,,,,
folokoto038,,FOLOKOTO036.jpg,,,folokoto_col,,36,,,2024,,,,,,,,,,image/jpeg,eng,,,,,,,,,,,,,,,,,,,,,,,,,,,
folokoto039,,FOLOKOTO037.jpg,,,folokoto_col,,37,,,2024,,,,,,,,,,image/jpeg,eng,,,,,,,,,,,,,,,,,,,,,,,,,,,
folokoto040,,FOLOKOTO038.jpg,,,folokoto_col,,38,,,2024,,,,,,,,,,image/jpeg,eng,,,,,,,,,,,,,,,,,,,,,,,,,,,
folokoto041,,FOLOKOTO039.jpg,,,folokoto_col,,39,,,2024,,,,,,,,,,image/jpeg,eng,,,,,,,,,,,,,,,,,,,,,,,,,,,
folokoto042,,FOLOKOTO040.jpg,,,folokoto_col,,40,,,2024,,,,,,,,,,image/jpeg,eng,,,,,,,,,,,,,,,,,,,,,,,,,,,
folokoto043,,FOLOKOTO041.jpg,,,folokoto_col,,41,,,2024,,,,,,,,,,image/jpeg,eng,,,,,,,,,,,,,,,,,,,,,,,,,,,
folokoto044,,FOLOKOTO042.jpg,,,folokoto_col,,42,,,2024,,,,,,,,,,image/jpeg,eng,,,,,,,,,,,,,,,,,,,,,,,,,,,
folokoto045,,FOLOKOTO043.jpg,,,folokoto_col,,43,,,2024,,,,,,,,,,image/jpeg,eng,,,,,,,,,,,,,,,,,,,,,,,,,,,
folokoto046,,FOLOKOTO044.jpg,,,folokoto_col,,44,,,2024,,,,,,,,,,image/jpeg,eng,,,,,,,,,,,,,,,,,,,,,,,,,,,
folokoto047,,FOLOKOTO045.jpg,,,folokoto_col,,45,,,2024,,,,,,,,,,image/jpeg,eng,,,,,,,,,,,,,,,,,,,,,,,,,,,
folokoto048,,FOLOKOTO046.jpg,,,folokoto_col,,46,,,2024,,,,,,,,,,image/jpeg,eng,,,,,,,,,,,,,,,,,,,,,,,,,,,
folokoto049,,FOLOKOTO047.jpg,,,folokoto_col,,47,,,2024,,,,,,,,,,image/jpeg,eng,,,,,,,,,,,,,,,,,,,,,,,,,,,
folokoto050,,FOLOKOTO048.jpg,,,folokoto_col,,48,,,2024,,,,,,,,,,image/jpeg,eng,,,,,,,,,,,,,,,,,,,,,,,,,,,
folokoto051,,FOLOKOTO049.jpg,,,folokoto_col,,49,,,2024,,,,,,,,,,image/jpeg,eng,,,,,,,,,,,,,,,,,,,,,,,,,,,
folokoto052,,FOLOKOTO050.jpg,,,folokoto_col,,50,,,2024,,,,,,,,,,image/jpeg,eng,,,,,,,,,,,,,,,,,,,,,,,,,,,
folokoto053,,FOLOKOTO051.jpg,,,folokoto_col,,51,,,2024,,,,,,,,,,image/jpeg,eng,,,,,,,,,,,,,,,,,,,,,,,,,,,
folokoto054,,FOLOKOTO052.jpg,,,folokoto_col,,52,,,2024,,,,,,,,,,image/jpeg,eng,,,,,,,,,,,,,,,,,,,,,,,,,,,
folokoto055,,FOLOKOTO053.jpg,,,folokoto_col,,53,,,2024,,,,,,,,,,image/jpeg,eng,,,,,,,,,,,,,,,,,,,,,,,,,,,
folokoto056,,FOLOKOTO054.jpg,,,folokoto_col,,54,,,2024,,,,,,,,,,image/jpeg,eng,,,,,,,,,,,,,,,,,,,,,,,,,,,
folokoto057,,FOLOKOTO055.jpg,,,folokoto_col,,55,,,2024,,,,,,,,,,image/jpeg,eng,,,,,,,,,,,,,,,,,,,,,,,,,,,
folokoto058,,FOLOKOTO056.jpg,,,folokoto_col,,56,,,2024,,,,,,,,,,image/jpeg,eng,,,,,,,,,,,,,,,,,,,,,,,,,,,
folokoto059,,FOLOKOTO057.jpg,,,folokoto_col,,57,,,2024,,,,,,,,,,image/jpeg,eng,,,,,,,,,,,,,,,,,,,,,,,,,,,
folokoto060,,FOLOKOTO058.jpg,,,folokoto_col,,58,,,2024,,,,,,,,,,image/jpeg,eng,,,,,,,,,,,,,,,,,,,,,,,,,,,
folokoto061,,FOLOKOTO059.jpg,,,folokoto_col,,59,,,2024,,,,,,,,,,image/jpeg,eng,,,,,,,,,,,,,,,,,,,,,,,,,,,
folokoto062,,FOLOKOTO060.jpg,,,folokoto_col,,60,,,2024,,,,,,,,,,image/jpeg,eng,,,,,,,,,,,,,,,,,,,,,,,,,,,
folokoto063,,FOLOKOTO061.jpg,,,folokoto_col,,61,,,2024,,,,,,,,,,image/jpeg,eng,,,,,,,,,,,,,,,,,,,,,,,,,,,
folokoto064,,FOLOKOTO062.jpg,,,folokoto_col,,62,,,2024,,,,,,,,,,image/jpeg,eng,,,,,,,,,,,,,,,,,,,,,,,,,,,
folokoto065,,FOLOKOTO063.jpg,,,folokoto_col,,63,,,2024,,,,,,,,,,image/jpeg,eng,,,,,,,,,,,,,,,,,,,,,,,,,,,
folokoto066,,FOLOKOTO064.jpg,,,folokoto_col,,64,,,2024,,,,,,,,,,image/jpeg,eng,,,,,,,,,,,,,,,,,,,,,,,,,,,
folokoto067,,FOLOKOTO065.jpg,,,folokoto_col,,65,,,2024,,,,,,,,,,image/jpeg,eng,,,,,,,,,,,,,,,,,,,,,,,,,,,
folokoto068,,FOLOKOTO066.jpg,,,folokoto_col,,66,,,2024,,,,,,,,,,image/jpeg,eng,,,,,,,,,,,,,,,,,,,,,,,,,,,
folokoto069,,FOLOKOTO067.jpg,,,folokoto_col,,67,,,2024,,,,,,,,,,image/jpeg,eng,,,,,,,,,,,,,,,,,,,,,,,,,,,
folokoto070,,FOLOKOTO068.jpg,,,folokoto_col,,68,,,2024,,,,,,,,,,image/jpeg,eng,,,,,,,,,,,,,,,,,,,,,,,,,,,
folokoto071,,FOLOKOTO069.jpg,,,folokoto_col,,69,,,2024,,,,,,,,,,image/jpeg,eng,,,,,,,,,,,,,,,,,,,,,,,,,,,
folokoto072,,FOLOKOTO070.jpg,,,folokoto_col,,70,,,2024,,,,,,,,,,image/jpeg,eng,,,,,,,,,,,,,,,,,,,,,,,,,,,
folokoto073,,FOLOKOTO071.jpg,,,folokoto_col,,71,,,2024,,,,,,,,,,image/jpeg,eng,,,,,,,,,,,,,,,,,,,,,,,,,,,
folokoto074,,FOLOKOTO072.jpg,,,folokoto_col,,72,,,2024,,,,,,,,,,image/jpeg,eng,,,,,,,,,,,,,,,,,,,,,,,,,,,
folokoto075,,FOLOKOTO073.jpg,,,folokoto_col,,73,,,2024,,,,,,,,,,image/jpeg,eng,,,,,,,,,,,,,,,,,,,,,,,,,,,
folokoto076,,FOLOKOTO074.jpg,,,folokoto_col,,74,,,2024,,,,,,,,,,image/jpeg,eng,,,,,,,,,,,,,,,,,,,,,,,,,,,
folokoto077,,FOLOKOTO075.jpg,,,folokoto_col,,75,,,2024,,,,,,,,,,image/jpeg,eng,,,,,,,,,,,,,,,,,,,,,,,,,,,
folokoto078,,FOLOKOTO076.jpg,,,folokoto_col,,76,,,2024,,,,,,,,,,image/jpeg,eng,,,,,,,,,,,,,,,,,,,,,,,,,,,
folokoto079,,FOLOKOTO077.jpg,,,folokoto_col,,77,,,2024,,,,,,,,,,image/jpeg,eng,,,,,,,,,,,,,,,,,,,,,,,,,,,
folokoto080,,FOLOKOTO078.jpg,,,folokoto_col,,78,,,2024,,,,,,,,,,image/jpeg,eng,,,,,,,,,,,,,,,,,,,,,,,,,,,
folokoto081,,FOLOKOTO079.jpg,,,folokoto_col,,79,,,2024,,,,,,,,,,image/jpeg,eng,,,,,,,,,,,,,,,,,,,,,,,,,,,
folokoto082,,FOLOKOTO080.jpg,,,folokoto_col,,80,,,2024,,,,,,,,,,image/jpeg,eng,,,,,,,,,,,,,,,,,,,,,,,,,,,
folokoto083,,FOLOKOTO081.jpg,,,folokoto_col,,81,,,2024,,,,,,,,,,image/jpeg,eng,,,,,,,,,,,,,,,,,,,,,,,,,,,
folokoto084,,FOLOKOTO082.jpg,,,folokoto_col,,82,,,2024,,,,,,,,,,image/jpeg,eng,,,,,,,,,,,,,,,,,,,,,,,,,,,
folokoto085,,FOLOKOTO083.jpg,,,folokoto_col,,83,,,2024,,,,,,,,,,image/jpeg,eng,,,,,,,,,,,,,,,,,,,,,,,,,,,
folokoto086,,FOLOKOTO084.jpg,,,folokoto_col,,84,,,2024,,,,,,,,,,image/jpeg,eng,,,,,,,,,,,,,,,,,,,,,,,,,,,
folokoto087,,FOLOKOTO085.jpg,,,folokoto_col,,85,,,2024,,,,,,,,,,image/jpeg,eng,,,,,,,,,,,,,,,,,,,,,,,,,,,
folokoto088,,FOLOKOTO086.jpg,,,folokoto_col,,86,,,2024,,,,,,,,,,image/jpeg,eng,,,,,,,,,,,,,,,,,,,,,,,,,,,
folokoto089,,FOLOKOTO087.jpg,,,folokoto_col,,87,,,2024,,,,,,,,,,image/jpeg,eng,,,,,,,,,,,,,,,,,,,,,,,,,,,
folokoto090,,FOLOKOTO088.jpg,,,folokoto_col,,88,,,2024,,,,,,,,,,image/jpeg,eng,,,,,,,,,,,,,,,,,,,,,,,,,,,
folokoto091,,FOLOKOTO089.jpg,,,folokoto_col,,89,,,2024,,,,,,,,,,image/jpeg,eng,,,,,,,,,,,,,,,,,,,,,,,,,,,
folokoto092,,FOLOKOTO090.jpg,,,folokoto_col,,90,,,2024,,,,,,,,,,image/jpeg,eng,,,,,,,,,,,,,,,,,,,,,,,,,,,
folokoto093,,FOLOKOTO091.jpg,,,folokoto_col,,91,,,2024,,,,,,,,,,image/jpeg,eng,,,,,,,,,,,,,,,,,,,,,,,,,,,
folokoto094,,FOLOKOTO092.jpg,,,folokoto_col,,92,,,2024,,,,,,,,,,image/jpeg,eng,,,,,,,,,,,,,,,,,,,,,,,,,,,
folokoto095,,FOLOKOTO093.jpg,,,folokoto_col,,93,,,2024,,,,,,,,,,image/jpeg,eng,,,,,,,,,,,,,,,,,,,,,,,,,,,
folokoto096,,FOLOKOTO094.jpg,,,folokoto_col,,94,,,2024,,,,,,,,,,image/jpeg,eng,,,,,,,,,,,,,,,,,,,,,,,,,,,
folokoto097,,FOLOKOTO095.jpg,,,folokoto_col,,95,,,2024,,,,,,,,,,image/jpeg,eng,,,,,,,,,,,,,,,,,,,,,,,,,,,
folokoto098,,FOLOKOTO096.jpg,,,folokoto_col,,96,,,2024,,,,,,,,,,image/jpeg,eng,,,,,,,,,,,,,,,,,,,,,,,,,,,
folokoto099,,FOLOKOTO097.jpg,,,folokoto_col,,97,,,2024,,,,,,,,,,image/jpeg,eng,,,,,,,,,,,,,,,,,,,,,,,,,,,
folokoto100,,FOLOKOTO098.jpg,,,folokoto_col,,98,,,2024,,,,,,,,,,image/jpeg,eng,,,,,,,,,,,,,,,,,,,,,,,,,,,
folokoto101,,FOLOKOTO099.jpg,,,folokoto_col,,99,,,2024,,,,,,,,,,image/jpeg,eng,,,,,,,,,,,,,,,,,,,,,,,,,,,
folokoto102,,FOLOKOTO100.jpg,,,folokoto_col,,100,,,2024,,,,,,,,,,image/jpeg,eng,,,,,,,,,,,,,,,,,,,,,,,,,,,
folokoto103,,FOLOKOTO101.jpg,,,folokoto_col,,101,,,2024,,,,,,,,,,image/jpeg,eng,,,,,,,,,,,,,,,,,,,,,,,,,,,
folokoto104,,FOLOKOTO102.jpg,,,folokoto_col,,102,,,2024,,,,,,,,,,image/jpeg,eng,,,,,,,,,,,,,,,,,,,,,,,,,,,
folokoto105,,FOLOKOTO103.jpg,,,folokoto_col,,103,,,2024,,,,,,,,,,image/jpeg,eng,,,,,,,,,,,,,,,,,,,,,,,,,,,
folokoto106,,FOLOKOTO104.jpg,,,folokoto_col,,104,,,2024,,,,,,,,,,image/jpeg,eng,,,,,,,,,,,,,,,,,,,,,,,,,,,
folokoto107,,FOLOKOTO105.jpg,,,folokoto_col,,105,,,2024,,,,,,,,,,image/jpeg,eng,,,,,,,,,,,,,,,,,,,,,,,,,,,
folokoto108,,FOLOKOTO106.jpg,,,folokoto_col,,106,,,2024,,,,,,,,,,image/jpeg,eng,,,,,,,,,,,,,,,,,,,,,,,,,,,
folokoto109,,FOLOKOTO107.jpg,,,folokoto_col,,107,,,2024,,,,,,,,,,image/jpeg,eng,,,,,,,,,,,,,,,,,,,,,,,,,,,
folokoto110,,FOLOKOTO108.jpg,,,folokoto_col,,108,,,2024,,,,,,,,,,image/jpeg,eng,,,,,,,,,,,,,,,,,,,,,,,,,,,
folokoto111,,FOLOKOTO109.jpg,,,folokoto_col,,109,,,2024,,,,,,,,,,image/jpeg,eng,,,,,,,,,,,,,,,,,,,,,,,,,,,
folokoto112,,FOLOKOTO110.jpg,,,folokoto_col,,110,,,2024,,,,,,,,,,image/jpeg,eng,,,,,,,,,,,,,,,,,,,,,,,,,,,
folokoto113,,FOLOKOTO111.jpg,,,folokoto_col,,111,,,2024,,,,,,,,,,image/jpeg,eng,,,,,,,,,,,,,,,,,,,,,,,,,,,
folokoto114,,FOLOKOTO112.jpg,,,folokoto_col,,112,,,2024,,,,,,,,,,image/jpeg,eng,,,,,,,,,,,,,,,,,,,,,,,,,,,
folokoto115,,FOLOKOTO113.jpg,,,folokoto_col,,113,,,2024,,,,,,,,,,image/jpeg,eng,,,,,,,,,,,,,,,,,,,,,,,,,,,
sswb001,,SSWB_Poster.pdf,,,sswb_col,,Poster,,,2024,,,,,,,,,,application/pdf,eng,,,,,,,https://collectionbuilder.blob.core.windows.net/objs/TDPS_archive/SSWB_Poster.pdf,https://collectionbuilder.blob.core.windows.net/smalls/TDPS_archive/SSWB_Poster_SMALL.jpg,https://collectionbuilder.blob.core.windows.net/thumbs/TDPS_archive/SSWB_Poster_TN.jpg,,,,,,,,,,,,,,,,,,
sswb002,,SSWB_PG.pdf,,,sswb_col,,Program,,,2024,,,,,,,,,,application/pdf,eng,,,,,,,https://collectionbuilder.blob.core.windows.net/objs/TDPS_archive/SSWB_PG.pdf,https://collectionbuilder.blob.core.windows.net/smalls/TDPS_archive/SSWB_PG_SMALL.jpg,https://collectionbuilder.blob.core.windows.net/thumbs/TDPS_archive/SSWB_PG_TN.jpg,,,,,,,,,,,,,,,,,,
sswb003,,SSWB001.jpg,,,sswb_col,,1,,,2024,,,,,,,,,,image/jpeg,eng,,,,,,,https://collectionbuilder.blob.core.windows.net/objs/TDPS_archive/SSWB001.jpg,https://collectionbuilder.blob.core.windows.net/smalls/TDPS_archive/SSWB001_SMALL.jpg,https://collectionbuilder.blob.core.windows.net/thumbs/TDPS_archive/SSWB001_TN.jpg,,,,,,,,,,,,,,,,,,
sswb004,,SSWB002.jpg,,,sswb_col,,2,,,2024,,,,,,,,,,image/jpeg,eng,,,,,,,https://collectionbuilder.blob.core.windows.net/objs/TDPS_archive/SSWB002.jpg,https://collectionbuilder.blob.core.windows.net/smalls/TDPS_archive/SSWB002_SMALL.jpg,https://collectionbuilder.blob.core.windows.net/thumbs/TDPS_archive/SSWB002_TN.jpg,,,,,,,,,,,,,,,,,,